Nome;Preço;Loja;Url
PNY GeForce RTX 4070 Ti Triplo Fan Placa Gráfica, 12GB, XLR8 Gaming, VERTO, EPIC ...;['R$\xa01.800,00'];AliExpress;/aclk?sa=l&ai=DChcSEwjw6tusv7yMAxVEJUQIHeT5CbQYABABGgJkeg&co=1&ase=2&gclid=EAIaIQobChMI8OrbrL-8jAMVRCVECB3k-Qm0EAQYASABEgKjM_D_BwE&sig=AOD64_2loOicy3ZhrS_hHcV4oxmwH0zhWw&ctype=5&q=&nis=4&ved=0ahUKEwjE9dKsv7yMAxVBpZUCHRdpMMgQww8I7gw&adurl=
RTX 4070Ti metal mestre OC, 12GB GDDR6X, 192Bit, RTX 4070Ti, GPU para jogos VHPWR ...;['R$\xa01.277,50'];AliExpress;/aclk?sa=l&ai=DChcSEwjw6tusv7yMAxVEJUQIHeT5CbQYABADGgJkeg&co=1&ase=2&gclid=EAIaIQobChMI8OrbrL-8jAMVRCVECB3k-Qm0EAQYAiABEgKOq_D_BwE&sig=AOD64_11D5luUHIxRCNjrNIs3JxahiOIew&ctype=5&q=&nis=4&ved=0ahUKEwjE9dKsv7yMAxVBpZUCHRdpMMgQww8I8Qw&adurl=
Placa De Vídeo RTX 4070 12GB Super X3 Oc G6X 192B INNO3D - N407S3-126XX-186162L;['R$\xa02.500,00'];AliExpress;/aclk?sa=l&ai=DChcSEwjw6tusv7yMAxVEJUQIHeT5CbQYABAFGgJkeg&co=1&ase=2&gclid=EAIaIQobChMI8OrbrL-8jAMVRCVECB3k-Qm0EAQYAyABEgIHYPD_BwE&sig=AOD64_1c7VJKtGWlZKYm1FqFhSqDFGeXSg&ctype=5&q=&nis=4&ved=0ahUKEwjE9dKsv7yMAxVBpZUCHRdpMMgQww8I9Qw&adurl=
Placa gráfica Extreme AIRO, ZO TAC, GeForce RTX 4070 Ti, Preço de atacado;['R$\xa01.640,00'];AliExpress;/aclk?sa=l&ai=DChcSEwjw6tusv7yMAxVEJUQIHeT5CbQYABAHGgJkeg&co=1&ase=2&gclid=EAIaIQobChMI8OrbrL-8jAMVRCVECB3k-Qm0EAQYBCABEgJGt_D_BwE&sig=AOD64_1wQ-bOTjfQ5-uHlQDk5f9L2RvjZA&ctype=5&q=&nis=4&ved=0ahUKEwjE9dKsv7yMAxVBpZUCHRdpMMgQww8I-Qw&adurl=
Asus TUF Gaming GeForce RTX 4070 Ti 12GB | Placa De Vídeo Gamer | Alto Desempenho;['R$\xa04.399,00'];AliExpress;/aclk?sa=l&ai=DChcSEwjw6tusv7yMAxVEJUQIHeT5CbQYABAJGgJkeg&co=1&ase=2&gclid=EAIaIQobChMI8OrbrL-8jAMVRCVECB3k-Qm0EAQYBSABEgI5R_D_BwE&sig=AOD64_0fB5ZY29FVfM8ED02rnKNpi3Kozw&ctype=5&q=&nis=4&ved=0ahUKEwjE9dKsv7yMAxVBpZUCHRdpMMgQww8I_Aw&adurl=
Placa gráfica MSI-GeForce, RTX 4070, VENTUS 2X OC;['R$\xa01.599,00'];AliExpress;/aclk?sa=l&ai=DChcSEwjw6tusv7yMAxVEJUQIHeT5CbQYABALGgJkeg&co=1&ase=2&gclid=EAIaIQobChMI8OrbrL-8jAMVRCVECB3k-Qm0EAQYBiABEgKHwfD_BwE&sig=AOD64_2_RfpFx2Kt13IyYS2HTuhhCjScbw&ctype=5&q=&nis=4&ved=0ahUKEwjE9dKsv7yMAxVBpZUCHRdpMMgQww8IgA0&adurl=
Placa De Vídeo Asus GeForce RTX 4090 Rog Strix 24GB GDDR6X;['R$\xa04.496,00'];AliExpress;/aclk?sa=l&ai=DChcSEwjw6tusv7yMAxVEJUQIHeT5CbQYABANGgJkeg&co=1&ase=2&gclid=EAIaIQobChMI8OrbrL-8jAMVRCVECB3k-Qm0EAQYByABEgKvDvD_BwE&sig=AOD64_3t8utWBZcPtpI_HrziqpYrNhiAiA&ctype=5&q=&nis=4&ved=0ahUKEwjE9dKsv7yMAxVBpZUCHRdpMMgQww8Igw0&adurl=
Placa gráfica ROG STRIX Gaming GPU, GeForce RTX 4080, GDDR6X, Novo, 16GB;['R$\xa03.555,00'];AliExpress;/aclk?sa=l&ai=DChcSEwjw6tusv7yMAxVEJUQIHeT5CbQYABAPGgJkeg&co=1&ase=2&gclid=EAIaIQobChMI8OrbrL-8jAMVRCVECB3k-Qm0EAQYCCABEgK4H_D_BwE&sig=AOD64_1UJs9Kt_NnaaPGOduNeJtlRAG96w&ctype=5&q=&nis=4&ved=0ahUKEwjE9dKsv7yMAxVBpZUCHRdpMMgQww8Ihw0&adurl=
Placa De Video EVGA NVIDIA GeForce RTX 3090 iXC3 Ultra Gaming 24GB, 384bit ...;['R$\xa03.000,00'];AliExpress;/aclk?sa=l&ai=DChcSEwjw6tusv7yMAxVEJUQIHeT5CbQYABARGgJkeg&co=1&ase=2&gclid=EAIaIQobChMI8OrbrL-8jAMVRCVECB3k-Qm0EAQYCSABEgL9PfD_BwE&sig=AOD64_2unskKhwxmeZgakOtHfti68mqNMA&ctype=5&q=&nis=4&ved=0ahUKEwjE9dKsv7yMAxVBpZUCHRdpMMgQww8Iig0&adurl=
Placa De Vídeo RTX 4070 12GB Gigabyte Windforce Oc GDDR6X 192 Bits GV-N4070WF3OC-12GD;['R$\xa04.899,90'];Terabyteshop;/aclk?sa=l&ai=DChcSEwjw6tusv7yMAxVEJUQIHeT5CbQYABATGgJkeg&co=1&ase=2&gclid=EAIaIQobChMI8OrbrL-8jAMVRCVECB3k-Qm0EAQYCiABEgJs2vD_BwE&sig=AOD64_2GglnsEeT_Y1Zs6m-97K0S156lXA&ctype=5&q=&nis=4&ved=0ahUKEwjE9dKsv7yMAxVBpZUCHRdpMMgQww8Ijg0&adurl=
Placa De Vídeo Gigabyte GeForce RTX 4070 Super Windforce 12GB Oc GDDR6X - GV ...;['R$\xa06.199,99'];Pichau;/aclk?sa=l&ai=DChcSEwjw6tusv7yMAxVEJUQIHeT5CbQYABAVGgJkeg&co=1&ase=2&gclid=EAIaIQobChMI8OrbrL-8jAMVRCVECB3k-Qm0EAQYCyABEgIc1fD_BwE&sig=AOD64_02zcL8hdg0LYUIp5b3EppyX-nRyw&ctype=5&q=&nis=4&ved=0ahUKEwjE9dKsv7yMAxVBpZUCHRdpMMgQww8Ikw0&adurl=
Placa De Video Asus RTX 4070 Ti Super Rog Strix Oc Edition 16GB GDDR6X;['R$\xa012.803,83'];OctoShop BR;/aclk?sa=l&ai=DChcSEwjw6tusv7yMAxVEJUQIHeT5CbQYABAXGgJkeg&co=1&ase=2&gclid=EAIaIQobChMI8OrbrL-8jAMVRCVECB3k-Qm0EAQYDCABEgJ2lfD_BwE&sig=AOD64_1SCC7JYC6BDJ3XpwZj0B9qwtix4g&ctype=5&q=&nis=4&ved=0ahUKEwjE9dKsv7yMAxVBpZUCHRdpMMgQww8Ilw0&adurl=
NVIDIA GeForce RTX 4070 | Placa De Vídeo | Desempenho Incrível;['R$\xa07.682,30'];OctoShop BR;/url?url=https://pt.aliexpress.com/item/1005008282521077.html%3F_randl_currency%3DBRL%26_randl_shipto%3DBR%26src%3Dgoogle%26pdp_npi%3D4%2540dis!BRL!1800.00!1800.00!!!!!%2540!12000044473788682!ppc!!!&rct=j&q=&esrc=s&opi=95576897&sa=U&ved=0ahUKEwjE9dKsv7yMAxVBpZUCHRdpMMgQgOUECKUN&usg=AOvVaw1MhL5b0SRxqrNBPot3rSks
Placa De Vídeo Gigabyte GeForce RTX 4070 Gaming Oc 12GB GDDR6X 192bits - Gv ...;['R$\xa06.199,99'];Pichau;/url?url=https://pt.aliexpress.com/item/1005008282521077.html%3F_randl_currency%3DBRL%26_randl_shipto%3DBR%26src%3Dgoogle%26pdp_npi%3D4%2540dis!BRL!1800.00!1800.00!!!!!%2540!12000044473788682!ppc!!!&rct=j&q=&esrc=s&opi=95576897&sa=U&ved=0ahUKEwjE9dKsv7yMAxVBpZUCHRdpMMgQgOUECKYN&usg=AOvVaw2wG1cwtlBf4vZn8oDnIJJM
Placa de Vídeo Gamer MSI Geforce RTX 4070 Super 12G com Inteligência Artificial ...;['R$\xa08.779,77'];OctoShop BR;/url?url=https://pt.aliexpress.com/item/1005007840825306.html%3F_randl_currency%3DBRL%26_randl_shipto%3DBR%26src%3Dgoogle%26pdp_npi%3D4%2540dis!BRL!3650.00!1277.50!!!!!%2540!12000042445976890!ppc!!!&rct=j&q=&esrc=s&opi=95576897&sa=U&ved=0ahUKEwjE9dKsv7yMAxVBpZUCHRdpMMgQgOUECLIN&usg=AOvVaw3ODEfd4I1O3Ikntn1gvx3-
Placa De Vídeo Galax GeForce RTX 4070 Super 12GB 1-Click Oc 2x GDDR6X - 47SOM7MD9PSU;['R$\xa05.749,00'];World Sistemas;/url?url=https://pt.aliexpress.com/item/1005007840825306.html%3F_randl_currency%3DBRL%26_randl_shipto%3DBR%26src%3Dgoogle%26pdp_npi%3D4%2540dis!BRL!3650.00!1277.50!!!!!%2540!12000042445976890!ppc!!!&rct=j&q=&esrc=s&opi=95576897&sa=U&ved=0ahUKEwjE9dKsv7yMAxVBpZUCHRdpMMgQgOUECLMN&usg=AOvVaw1f7eih1gTVSkAb1jhOQwLR
Nvidia-Placa gráfica para jogos AX, Placas de vídeo, Usado, RTX 4070, RTX 4070Ti ...;['R$\xa0902,30'];AliExpress;/url?url=https://pt.aliexpress.com/item/1005008042610973.html%3F_randl_currency%3DBRL%26_randl_shipto%3DBR%26src%3Dgoogle%26pdp_npi%3D4%2540dis!BRL!2500.00!2500.00!!!!!%2540!12000043391502437!ppc!!!&rct=j&q=&esrc=s&opi=95576897&sa=U&ved=0ahUKEwjE9dKsv7yMAxVBpZUCHRdpMMgQguUECMMN&usg=AOvVaw18lEGvw8R-SBvgb1wmjDKu
Placa De Vídeo RTX 4070 Ti Super Oc Asus TUF Gaming GeForce, 16GB, GDDR6X;['R$\xa012.584,34'];OctoShop BR;/url?url=https://pt.aliexpress.com/item/1005008042610973.html%3F_randl_currency%3DBRL%26_randl_shipto%3DBR%26src%3Dgoogle%26pdp_npi%3D4%2540dis!BRL!2500.00!2500.00!!!!!%2540!12000043391502437!ppc!!!&rct=j&q=&esrc=s&opi=95576897&sa=U&ved=0ahUKEwjE9dKsv7yMAxVBpZUCHRdpMMgQguUECMQN&usg=AOvVaw1BjcJGdkoIOb68t19m_EIj
Placa Gráfica Asus 90YV0KC4-M0NA00 RTX 4070 Super 12 GB GDDR6X;['R$\xa08.344,36'];OctoShop BR;/url?url=https://pt.aliexpress.com/item/1005007997446921.html%3F_randl_currency%3DBRL%26_randl_shipto%3DBR%26src%3Dgoogle%26pdp_npi%3D4%2540dis!BRL!1640.00!1640.00!!!!!%2540!12000043207433680!ppc!!!&rct=j&q=&esrc=s&opi=95576897&sa=U&ved=0ahUKEwjE9dKsv7yMAxVBpZUCHRdpMMgQgOUECNAN&usg=AOvVaw2FphFWlZj3Nsi44Lh7py3r
Placa De Vídeo Asus GeForce RTX 4070 Super Dual Oc 12GB GDDR6X - 90YV0KC0-M0NA00;['R$\xa08.413,95'];OctoShop BR;/url?url=https://pt.aliexpress.com/item/1005007997446921.html%3F_randl_currency%3DBRL%26_randl_shipto%3DBR%26src%3Dgoogle%26pdp_npi%3D4%2540dis!BRL!1640.00!1640.00!!!!!%2540!12000043207433680!ppc!!!&rct=j&q=&esrc=s&opi=95576897&sa=U&ved=0ahUKEwjE9dKsv7yMAxVBpZUCHRdpMMgQgOUECNEN&usg=AOvVaw1BH7ptiA7N7XvFBkncpruI
Placa De Vídeo Zotac RTX 4070 Twin Edge, 12 GB, GDDR6, OC, 192 Bit - Zt-d40740h-10m;['R$\xa04.499,00'];Brasília PC Gamer;/url?url=https://pt.aliexpress.com/item/1005008565328650.html%3F_randl_currency%3DBRL%26_randl_shipto%3DBR%26src%3Dgoogle%26pdp_npi%3D4%2540dis!BRL!4399.00!4399.00!!!!!%2540!12000045963546867!ppc!!!&rct=j&q=&esrc=s&opi=95576897&sa=U&ved=0ahUKEwjE9dKsv7yMAxVBpZUCHRdpMMgQguUECOAN&usg=AOvVaw2FJoZO7yGqf1qaiPZFot90
Msi GeForce RTX 4070 Ti Super 16GBB | Placa De Vídeo Gamer | X Slim;['R$\xa011.728,57'];OctoShop BR;/url?url=https://pt.aliexpress.com/item/1005008565328650.html%3F_randl_currency%3DBRL%26_randl_shipto%3DBR%26src%3Dgoogle%26pdp_npi%3D4%2540dis!BRL!4399.00!4399.00!!!!!%2540!12000045963546867!ppc!!!&rct=j&q=&esrc=s&opi=95576897&sa=U&ved=0ahUKEwjE9dKsv7yMAxVBpZUCHRdpMMgQguUECOIN&usg=AOvVaw2rkZycsg722BocvLRSH2Fr
Gigabyte Aorus GeForce RTX 4070 Super Master 12GB | Placa De Vídeo P/ Jogos ...;['R$\xa010.096,73'];OctoShop BR;/url?url=https://pt.aliexpress.com/item/1005007974799728.html%3F_randl_currency%3DBRL%26_randl_shipto%3DBR%26src%3Dgoogle%26pdp_npi%3D4%2540dis!BRL!1599.00!1599.00!!!!!%2540!12000043109202194!ppc!!!&rct=j&q=&esrc=s&opi=95576897&sa=U&ved=0ahUKEwjE9dKsv7yMAxVBpZUCHRdpMMgQgOUECPAN&usg=AOvVaw3-SEA4p3HzKckhwmeVpTr1
Placa Gráfica Asus Proart -RTX4070TIS-O16G GeForce RTX 4070 Ti Super 16 GB GDDR6X;['R$\xa09.890,00'];OctoShop BR;/url?url=https://pt.aliexpress.com/item/1005007974799728.html%3F_randl_currency%3DBRL%26_randl_shipto%3DBR%26src%3Dgoogle%26pdp_npi%3D4%2540dis!BRL!1599.00!1599.00!!!!!%2540!12000043109202194!ppc!!!&rct=j&q=&esrc=s&opi=95576897&sa=U&ved=0ahUKEwjE9dKsv7yMAxVBpZUCHRdpMMgQgOUECPEN&usg=AOvVaw3h08cbcopMYLUs0JUQjjU4
Asus GeForce RTX 4070 Super Placa De Vídeo Gamer | Oc Edition Grafikkarte 12GB GDDR6X;['R$\xa08.779,77'];OctoShop BR;/url?url=https://pt.aliexpress.com/item/1005007459762135.html%3F_randl_currency%3DBRL%26_randl_shipto%3DBR%26src%3Dgoogle%26pdp_npi%3D4%2540dis!BRL!4496.00!4496.00!!!!!%2540!12000040991189203!ppc!!!&rct=j&q=&esrc=s&opi=95576897&sa=U&ved=0ahUKEwjE9dKsv7yMAxVBpZUCHRdpMMgQguUECIEO&usg=AOvVaw2XJHPKNM-ZtB3ycTXSUdwp
Placa De Vídeo NVIDIA Gigabyte GeForce, RTX 4070 Ti Super, Windforce OC, 16GB ...;['R$\xa011.706,36'];OctoShop BR;/url?url=https://pt.aliexpress.com/item/1005007459762135.html%3F_randl_currency%3DBRL%26_randl_shipto%3DBR%26src%3Dgoogle%26pdp_npi%3D4%2540dis!BRL!4496.00!4496.00!!!!!%2540!12000040991189203!ppc!!!&rct=j&q=&esrc=s&opi=95576897&sa=U&ved=0ahUKEwjE9dKsv7yMAxVBpZUCHRdpMMgQguUECIIO&usg=AOvVaw2WA_qX9Q_d2pTgtQDNU4Ry
Gigabyte Aorus GeForce RTX 4070 Ti Super Master | Placa De Vídeo | Gráficos ...;['R$\xa013.315,99'];OctoShop BR;/url?url=https://pt.aliexpress.com/item/1005008415690589.html%3F_randl_currency%3DBRL%26_randl_shipto%3DBR%26src%3Dgoogle%26pdp_npi%3D4%2540dis!BRL!3555.00!3555.00!!!!!%2540!12000044960288168!ppc!!!&rct=j&q=&esrc=s&opi=95576897&sa=U&ved=0ahUKEwjE9dKsv7yMAxVBpZUCHRdpMMgQgOUECJEO&usg=AOvVaw1eSopZYChpKpMJKlC8gTjf
Placa De Vídeo RTX 4070 Super MSI, 12g Ven, 2x Oc 12GB - GDDR6X;['R$\xa08.779,77'];OctoShop BR;/url?url=https://pt.aliexpress.com/item/1005008415690589.html%3F_randl_currency%3DBRL%26_randl_shipto%3DBR%26src%3Dgoogle%26pdp_npi%3D4%2540dis!BRL!3555.00!3555.00!!!!!%2540!12000044960288168!ppc!!!&rct=j&q=&esrc=s&opi=95576897&sa=U&ved=0ahUKEwjE9dKsv7yMAxVBpZUCHRdpMMgQgOUECJIO&usg=AOvVaw2NSKvqKut5SUI0Ftmjczr1
NVIDIA Geforce RTX 4070 Super - Placa De Vídeo | Desempenho Incrível;['R$\xa07.682,30'];OctoShop BR;/url?url=https://pt.aliexpress.com/item/1005006252427379.html%3F_randl_currency%3DBRL%26_randl_shipto%3DBR%26src%3Dgoogle%26pdp_npi%3D4%2540dis!BRL!3000.00!3000.00!!!!!%2540!12000036534618452!ppc!!!&rct=j&q=&esrc=s&opi=95576897&sa=U&ved=0ahUKEwjE9dKsv7yMAxVBpZUCHRdpMMgQguUECKIO&usg=AOvVaw1qV141Uc9BmO1p_aHXxIiv
Placa de Vídeo Gigabyte GeForce RTX 4070 Ti Super Aero Oc 16GB | Gráficos de Alta ...;['R$\xa010.980,00'];OctoShop BR;/url?url=https://pt.aliexpress.com/item/1005006252427379.html%3F_randl_currency%3DBRL%26_randl_shipto%3DBR%26src%3Dgoogle%26pdp_npi%3D4%2540dis!BRL!3000.00!3000.00!!!!!%2540!12000036534618452!ppc!!!&rct=j&q=&esrc=s&opi=95576897&sa=U&ved=0ahUKEwjE9dKsv7yMAxVBpZUCHRdpMMgQguUECKMO&usg=AOvVaw0PDZInkra5wvOYuvEvxqQY
Placa Gráfica Gamer Gigabyte GeForce RTX 4070 para desempenho excepcional em 2K/4K;['R$\xa07.901,79'];OctoShop BR;/url?url=https://www.terabyteshop.com.br/produto/25719/placa-de-video-gigabyte-nvidia-geforce-rtx-4070-windforce-oc-12gb-gddr6x-dlss-ray-tracing-gv-n4070wf3oc-12gd%3Fsrsltid%3DAfmBOopHEj_gTe-FvRsnlWGu9MyGXlMkd0xLb3VhNSiO6EpIq5Sjr_Uyowo&rct=j&q=&esrc=s&opi=95576897&sa=U&ved=0ahUKEwjE9dKsv7yMAxVBpZUCHRdpMMgQguUECLQO&usg=AOvVaw2GzMhuuUfCVBtsW0tkVV5x
Placa De Vídeo Gigabyte Aorus GeForce RTX 4070ti Elite 12GB;['R$\xa012.828,13'];OctoShop BR;/url?url=https://www.terabyteshop.com.br/produto/25719/placa-de-video-gigabyte-nvidia-geforce-rtx-4070-windforce-oc-12gb-gddr6x-dlss-ray-tracing-gv-n4070wf3oc-12gd%3Fsrsltid%3DAfmBOopHEj_gTe-FvRsnlWGu9MyGXlMkd0xLb3VhNSiO6EpIq5Sjr_Uyowo&rct=j&q=&esrc=s&opi=95576897&sa=U&ved=0ahUKEwjE9dKsv7yMAxVBpZUCHRdpMMgQguUECLUO&usg=AOvVaw1XNkkvl2sgb6Rn6Nk_lWNX
MSI Geforce Rtx 4070 Super 12G Ventus 3X Oc | Placa Gráfica Gamer | Inteligência ...;['R$\xa08.413,95'];OctoShop BR;/url?url=https://www.pichau.com.br/placa-de-video-gigabyte-geforce-rtx-4070-super-windforce-oc-12gb-gddr6x-192-bit-gv-n407swf3oc-12gd%3Fsrsltid%3DAfmBOopGPMeyOeeoiZrA99T-V95C2cDtAoRhIuiYukvo2T77lMl9GJbb5oc&rct=j&q=&esrc=s&opi=95576897&sa=U&ved=0ahUKEwjE9dKsv7yMAxVBpZUCHRdpMMgQguUECMQO&usg=AOvVaw2TKjeSWVv_sEXGPM8Bp0mG
Placa De Vídeo RTX 4070 Msi Ventus E1 12GB 3x Oc 192 Bits 912-V512-027;['R$\xa05.393,07'];StartecMacae Informática e Games;/url?url=https://www.pichau.com.br/placa-de-video-gigabyte-geforce-rtx-4070-super-windforce-oc-12gb-gddr6x-192-bit-gv-n407swf3oc-12gd%3Fsrsltid%3DAfmBOopGPMeyOeeoiZrA99T-V95C2cDtAoRhIuiYukvo2T77lMl9GJbb5oc&rct=j&q=&esrc=s&opi=95576897&sa=U&ved=0ahUKEwjE9dKsv7yMAxVBpZUCHRdpMMgQguUECMUO&usg=AOvVaw3YwsvTHUvoG1slT_5wGyO-
Placa De Video Msi GeForce RTX 4070 Super Ventus Oc 3x 12GB GDDR6X 192 Bits - 912 ...;['R$\xa05.655,00'];celinfor.com.br;/url?url=https://br.octoshop.com/products/asus-rog-strix-geforce-rtx-4070ti-super-16gb-gddr6x%3Fvariant%3D50730087416111%26country%3DBR%26currency%3DBRL%26utm_medium%3Dproduct_sync%26utm_source%3Dgoogle%26utm_content%3Dsag_organic%26utm_campaign%3Dsag_organic%26srsltid%3DAfmBOoqLi2LWPsQjrOxxv9m1WusZjjz0FBss2IyjyifrJCdU_uVT2FJTJMQ&rct=j&q=&esrc=s&opi=95576897&sa=U&ved=0ahUKEwjE9dKsv7yMAxVBpZUCHRdpMMgQguUECNQO&usg=AOvVaw2FaaB1h8oZwlFvRL36BUNd
Gigabyte GeForce RTX 4070Super Eagle Oc 12GB | Placa de Vídeo p/ Jogos | Design ...;['R$\xa07.895,00'];OctoShop BR;/url?url=https://br.octoshop.com/products/asus-rog-strix-geforce-rtx-4070ti-super-16gb-gddr6x%3Fvariant%3D50730087416111%26country%3DBR%26currency%3DBRL%26utm_medium%3Dproduct_sync%26utm_source%3Dgoogle%26utm_content%3Dsag_organic%26utm_campaign%3Dsag_organic%26srsltid%3DAfmBOoqLi2LWPsQjrOxxv9m1WusZjjz0FBss2IyjyifrJCdU_uVT2FJTJMQ&rct=j&q=&esrc=s&opi=95576897&sa=U&ved=0ahUKEwjE9dKsv7yMAxVBpZUCHRdpMMgQguUECNUO&usg=AOvVaw3OjrEzO5xu79S5P9ogAxCq
Asus Placa Gráfica TUF RTX 4070 Super Oc 12GB GDDR6X Preto;['R$\xa09.365,09'];OctoShop BR;/url?url=https://br.octoshop.com/products/nvidia-geforce-rtx-4070-super-preto%3Fvariant%3D50730289627439%26country%3DBR%26currency%3DBRL%26utm_medium%3Dproduct_sync%26utm_source%3Dgoogle%26utm_content%3Dsag_organic%26utm_campaign%3Dsag_organic%26srsltid%3DAfmBOopPYtCYxyLg4U1eKX6i7V9uy6OCZ4_dBeuz_fZhadaXhHR1mBdJbP4&rct=j&q=&esrc=s&opi=95576897&sa=U&ved=0ahUKEwjE9dKsv7yMAxVBpZUCHRdpMMgQguUECOUO&usg=AOvVaw326e2fEmxzuaI6FLaTGP_Y
Placa de Vídeo Gigabyte GeForce RTX 4070 Ti Super Gaming Oc 16GB Dlss3 Ai: a ...;['R$\xa012.072,18'];OctoShop BR;/url?url=https://br.octoshop.com/products/nvidia-geforce-rtx-4070-super-preto%3Fvariant%3D50730289627439%26country%3DBR%26currency%3DBRL%26utm_medium%3Dproduct_sync%26utm_source%3Dgoogle%26utm_content%3Dsag_organic%26utm_campaign%3Dsag_organic%26srsltid%3DAfmBOopPYtCYxyLg4U1eKX6i7V9uy6OCZ4_dBeuz_fZhadaXhHR1mBdJbP4&rct=j&q=&esrc=s&opi=95576897&sa=U&ved=0ahUKEwjE9dKsv7yMAxVBpZUCHRdpMMgQguUECOYO&usg=AOvVaw0o___bay5HFWYvB4qc4u0a
ASUS TX Gaming RTX 4070 12GB - Placa Gráfica de Alta Performance para Jogos e ...;['R$\xa08.413,95'];OctoShop BR;/url?url=https://www.pichau.com.br/placa-de-video-gigabyte-geforce-rtx-5070-gaming-oc-12gb-gddr7-192-bit-gv-n5070gaming-oc-12gd%3Fsrsltid%3DAfmBOoqKgw6Ktn92NH8l5bhL88aguJlMZnBgw2yMIkXoMkwsSHettYRgaSQ&rct=j&q=&esrc=s&opi=95576897&sa=U&ved=0ahUKEwjE9dKsv7yMAxVBpZUCHRdpMMgQguUECPYO&usg=AOvVaw30MJzxpAYStAUAfNF_wi36
Placa Gráfica Gigabyte GeForce RTX 4070 12GB GDDR6X - GV-N407SGAMING OC-12GD;['R$\xa08.048,12'];OctoShop BR;/url?url=https://www.pichau.com.br/placa-de-video-gigabyte-geforce-rtx-5070-gaming-oc-12gb-gddr7-192-bit-gv-n5070gaming-oc-12gd%3Fsrsltid%3DAfmBOoqKgw6Ktn92NH8l5bhL88aguJlMZnBgw2yMIkXoMkwsSHettYRgaSQ&rct=j&q=&esrc=s&opi=95576897&sa=U&ved=0ahUKEwjE9dKsv7yMAxVBpZUCHRdpMMgQguUECPcO&usg=AOvVaw1oGUI7MFO0cOKqlVG1E1EK
Gigabyte GeForce RTX 4070Super | Placa de Vídeo | Dlss 3 Gaming Ai p/ Gamers ...;['R$\xa08.413,95'];OctoShop BR;/url?url=https://br.octoshop.com/products/msi-geforce-rtx-4070-super-12g%3Fvariant%3D50730259710255%26country%3DBR%26currency%3DBRL%26utm_medium%3Dproduct_sync%26utm_source%3Dgoogle%26utm_content%3Dsag_organic%26utm_campaign%3Dsag_organic%26srsltid%3DAfmBOopKz5FVJauvZEbJrWCZ60ppuItwxOe4OY1bHc81EJh32hraAlX1Zkg&rct=j&q=&esrc=s&opi=95576897&sa=U&ved=0ahUKEwjE9dKsv7yMAxVBpZUCHRdpMMgQgOUECIYP&usg=AOvVaw03-IgYBahYaNM_n3kDkwwk
MSI Geforce Rtx 4070 Super 12G Gaming X Slim | Placa De Vídeo | Gráficos Inteligentes;['R$\xa08.779,77'];OctoShop BR;/url?url=https://br.octoshop.com/products/msi-geforce-rtx-4070-super-12g%3Fvariant%3D50730259710255%26country%3DBR%26currency%3DBRL%26utm_medium%3Dproduct_sync%26utm_source%3Dgoogle%26utm_content%3Dsag_organic%26utm_campaign%3Dsag_organic%26srsltid%3DAfmBOopKz5FVJauvZEbJrWCZ60ppuItwxOe4OY1bHc81EJh32hraAlX1Zkg&rct=j&q=&esrc=s&opi=95576897&sa=U&ved=0ahUKEwjE9dKsv7yMAxVBpZUCHRdpMMgQgOUECIcP&usg=AOvVaw02DM9RLlZJ_OEtmjegJjEi
Placa de Vídeo Gigabyte GeForce RTX 4070 Super Eagle Oc Ice 12GB Dlss3 para jogos ...;['R$\xa07.995,00'];OctoShop BR;/url?url=https://www.worldsistemas.com.br/produtos/placa-de-video-nvidia-geforce-rtx4070-super-oc-2x-12gb-192bits-galax-1x-hdmi-3x-displayport-47som7md9psu&rct=j&q=&esrc=s&opi=95576897&sa=U&ved=0ahUKEwjE9dKsv7yMAxVBpZUCHRdpMMgQguUECJYP&usg=AOvVaw3tTEyc9KasH75RZ7ZkU9g0
Placa De Vídeo Galax GeForce RTX 4070 12GB 1-Click Oc 2x GDDR6X - 47NOM7MD8DDF;['R$\xa04.792,20'];Tiburon Informática;/url?url=https://www.worldsistemas.com.br/produtos/placa-de-video-nvidia-geforce-rtx4070-super-oc-2x-12gb-192bits-galax-1x-hdmi-3x-displayport-47som7md9psu&rct=j&q=&esrc=s&opi=95576897&sa=U&ved=0ahUKEwjE9dKsv7yMAxVBpZUCHRdpMMgQguUECJcP&usg=AOvVaw1mP2v6B-yQx9KR60K8OPTM
Gigabyte GeForce RTX 4070 Super: A placa de vídeo perfeita para gamers com DLSS 3 ...;['R$\xa08.779,77'];OctoShop BR;/url?url=https://pt.aliexpress.com/item/1005007823832196.html%3F_randl_currency%3DBRL%26_randl_shipto%3DBR%26src%3Dgoogle%26pdp_npi%3D4%2540dis!BRL!2578.00!902.30!!!!!%2540!12000042337599411!ppc!!!&rct=j&q=&esrc=s&opi=95576897&sa=U&ved=0ahUKEwjE9dKsv7yMAxVBpZUCHRdpMMgQgOUECKQP&usg=AOvVaw0N6fKpwyD3wVeFq9hh1Fl7
Placa De Vídeo Gigabyte GeForce RTX 4070 Ti Super Eagle OC, 16GB,;['R$\xa09.396,31'];OctoShop BR;/url?url=https://pt.aliexpress.com/item/1005007823832196.html%3F_randl_currency%3DBRL%26_randl_shipto%3DBR%26src%3Dgoogle%26pdp_npi%3D4%2540dis!BRL!2578.00!902.30!!!!!%2540!12000042337599411!ppc!!!&rct=j&q=&esrc=s&opi=95576897&sa=U&ved=0ahUKEwjE9dKsv7yMAxVBpZUCHRdpMMgQgOUECKUP&usg=AOvVaw0Det6zftZmSd11SR5ddzC-
Placa De Vídeo Asus ROG-STRIX-GeForce RTX 4070ti 012GB Oc;['R$\xa011.728,57'];OctoShop BR;/url?url=https://br.octoshop.com/products/asus-tuf-geforce-rtx-4070ti-16gb-preta%3Fvariant%3D50730091577647%26country%3DBR%26currency%3DBRL%26utm_medium%3Dproduct_sync%26utm_source%3Dgoogle%26utm_content%3Dsag_organic%26utm_campaign%3Dsag_organic%26srsltid%3DAfmBOooMwmwhoCxDJI0GdsHMTpb3J0m-y-GEUInGHQ7azxhCULGqp-q1qPo&rct=j&q=&esrc=s&opi=95576897&sa=U&ved=0ahUKEwjE9dKsv7yMAxVBpZUCHRdpMMgQguUECLUP&usg=AOvVaw3AR4PnKhL8he5Yc7-sUdwS
Placa De Vídeo Gigabyte GeForce RTX 4070 Ti Super Aero OC, 16GB,;['R$\xa09.365,09'];OctoShop BR;/url?url=https://br.octoshop.com/products/asus-tuf-geforce-rtx-4070ti-16gb-preta%3Fvariant%3D50730091577647%26country%3DBR%26currency%3DBRL%26utm_medium%3Dproduct_sync%26utm_source%3Dgoogle%26utm_content%3Dsag_organic%26utm_campaign%3Dsag_organic%26srsltid%3DAfmBOooMwmwhoCxDJI0GdsHMTpb3J0m-y-GEUInGHQ7azxhCULGqp-q1qPo&rct=j&q=&esrc=s&opi=95576897&sa=U&ved=0ahUKEwjE9dKsv7yMAxVBpZUCHRdpMMgQguUECLYP&usg=AOvVaw2X_19BhBJySF80lnN6fIRw
Placas Gráfica Msi NVIDIA GeForce RTX 4070 Ventus 3x Oc 12 GB;['R$\xa06.137,22'];Arena Computadores;/url?url=https://br.octoshop.com/products/asus-proart-geforce-rtx-4070-super-12gb-gddr6x%3Fvariant%3D50730086138159%26country%3DBR%26currency%3DBRL%26utm_medium%3Dproduct_sync%26utm_source%3Dgoogle%26utm_content%3Dsag_organic%26utm_campaign%3Dsag_organic%26srsltid%3DAfmBOopHXIptaqrBk59X2ps48btD9qVfiBC19FA27soiegL42tLZuP6l-6w&rct=j&q=&esrc=s&opi=95576897&sa=U&ved=0ahUKEwjE9dKsv7yMAxVBpZUCHRdpMMgQguUECMcP&usg=AOvVaw00Hkk6jstB_xTt8Ylugsg7
Placa Gráfica Asus 90YV0J30-M0NA00 GeForce RTX 4070 Ti 12 GB GDDR6X;['R$\xa012.438,01'];OctoShop BR;/url?url=https://br.octoshop.com/products/asus-proart-geforce-rtx-4070-super-12gb-gddr6x%3Fvariant%3D50730086138159%26country%3DBR%26currency%3DBRL%26utm_medium%3Dproduct_sync%26utm_source%3Dgoogle%26utm_content%3Dsag_organic%26utm_campaign%3Dsag_organic%26srsltid%3DAfmBOopHXIptaqrBk59X2ps48btD9qVfiBC19FA27soiegL42tLZuP6l-6w&rct=j&q=&esrc=s&opi=95576897&sa=U&ved=0ahUKEwjE9dKsv7yMAxVBpZUCHRdpMMgQguUECMgP&usg=AOvVaw0M4Z5KoV7rxeqVvJZX-n1S
Placa de Vídeo Asus ATS RTX 4070 V2 - Desempenho Superior para Games e Edição ...;['R$\xa08.048,12'];OctoShop BR;/url?url=https://br.octoshop.com/products/asus-dual-geforce-rtx-4070-super-12gb-gddr6x%3Fcurrency%3DBRL%26variant%3D50730074931503%26utm_source%3Dgoogle%26utm_medium%3Dcpc%26utm_campaign%3DGoogle%2520Shopping%26stkn%3Dfd2ca2e37b8c%26srsltid%3DAfmBOopKZR5Zu_ITUGxFm64s7YYVigVaFXWBXmfHJ4tmeYiUPzvTsr1EG84&rct=j&q=&esrc=s&opi=95576897&sa=U&ved=0ahUKEwjE9dKsv7yMAxVBpZUCHRdpMMgQguUECNgP&usg=AOvVaw3rxprp_4miuLJ7jkOI_0Z-
Placa de Vídeo NVIDIA RTX4070 para Deep Learning GPU Computing em Preto;['R$\xa07.170,14'];OctoShop BR;/url?url=https://br.octoshop.com/products/asus-dual-geforce-rtx-4070-super-12gb-gddr6x%3Fcurrency%3DBRL%26variant%3D50730074931503%26utm_source%3Dgoogle%26utm_medium%3Dcpc%26utm_campaign%3DGoogle%2520Shopping%26stkn%3Dfd2ca2e37b8c%26srsltid%3DAfmBOopKZR5Zu_ITUGxFm64s7YYVigVaFXWBXmfHJ4tmeYiUPzvTsr1EG84&rct=j&q=&esrc=s&opi=95576897&sa=U&ved=0ahUKEwjE9dKsv7yMAxVBpZUCHRdpMMgQguUECNkP&usg=AOvVaw0NcdzqPGpJhwIqO6snJdYB
Placa de Vídeo NVIDIA RTX4070Ti 12G Turbo Edition para Deep Learning e GPU ...;['R$\xa09.365,09'];OctoShop BR;/url?url=https://www.pcgamerbrasilia.com.br/placa-de-video-rtx-4070-12gb-zotac-nvidia-geforce-gaming-twin-edge-oc-gddr6x-dlss-ray-tracing-zt-d40700h-10m%3Fvariation%3D23697546%26srsltid%3DAfmBOoqgDHOAA0wcrL6c_JCFNvOrv4Q7VK9LBu-YxqXhHRaF2mBCGlGNIYY&rct=j&q=&esrc=s&opi=95576897&sa=U&ved=0ahUKEwjE9dKsv7yMAxVBpZUCHRdpMMgQguUECOkP&usg=AOvVaw14jtgqhK9Z4QkdJmyC50Yz
Asus Placa Gráfica RTX 4070 Super 12GB GDDR6X Prateado;['R$\xa08.633,44'];OctoShop BR;/url?url=https://www.pcgamerbrasilia.com.br/placa-de-video-rtx-4070-12gb-zotac-nvidia-geforce-gaming-twin-edge-oc-gddr6x-dlss-ray-tracing-zt-d40700h-10m%3Fvariation%3D23697546%26srsltid%3DAfmBOoqgDHOAA0wcrL6c_JCFNvOrv4Q7VK9LBu-YxqXhHRaF2mBCGlGNIYY&rct=j&q=&esrc=s&opi=95576897&sa=U&ved=0ahUKEwjE9dKsv7yMAxVBpZUCHRdpMMgQguUECOoP&usg=AOvVaw1dt_5RUpDrZhK5xAnKRIfT
Msi Placa Gráfica RTX 4070ti Ventus 3x E1 Oc 12GB GDDR6 Prateado;['R$\xa08.413,95'];OctoShop BR;/url?url=https://br.octoshop.com/products/msi-geforce-rtx-4070-ti-super-16gb-x-slim%3Fvariant%3D50755187573039%26country%3DBR%26currency%3DBRL%26utm_medium%3Dproduct_sync%26utm_source%3Dgoogle%26utm_content%3Dsag_organic%26utm_campaign%3Dsag_organic%26srsltid%3DAfmBOoqjYsjpPuinQ4yT-OyHioo6kPiT76qRJT8pzLbHFWSMDRDUR9X4O1g&rct=j&q=&esrc=s&opi=95576897&sa=U&ved=0ahUKEwjE9dKsv7yMAxVBpZUCHRdpMMgQguUECPkP&usg=AOvVaw1CcqaWbKdA52rSlH2nX9Z-
MSI GeForce RTX 4070 Ti SUPER 16GBB | Placa de vídeo Gamer | EXPERT;['R$\xa011.706,36'];OctoShop BR;/url?url=https://br.octoshop.com/products/msi-geforce-rtx-4070-ti-super-16gb-x-slim%3Fvariant%3D50755187573039%26country%3DBR%26currency%3DBRL%26utm_medium%3Dproduct_sync%26utm_source%3Dgoogle%26utm_content%3Dsag_organic%26utm_campaign%3Dsag_organic%26srsltid%3DAfmBOoqjYsjpPuinQ4yT-OyHioo6kPiT76qRJT8pzLbHFWSMDRDUR9X4O1g&rct=j&q=&esrc=s&opi=95576897&sa=U&ved=0ahUKEwjE9dKsv7yMAxVBpZUCHRdpMMgQguUECPoP&usg=AOvVaw0Z_h4SFV5qcZkdjmlxKN2T
Asus TUF | Placa De Vídeo Gamer | GeForce RTX 4070 | 12GB GDDR6X;['R$\xa08.779,77'];OctoShop BR;/url?url=https://br.octoshop.com/products/gigabyte-aorus-geforce-rtx-4070-super-12gb%3Fvariant%3D50730157932847%26country%3DBR%26currency%3DBRL%26utm_medium%3Dproduct_sync%26utm_source%3Dgoogle%26utm_content%3Dsag_organic%26utm_campaign%3Dsag_organic%26srsltid%3DAfmBOorlmlkqk5qTpQjL3BN6yD8FIxkFUlZKIU9qt1LhwUTPakg1PU1uyD0&rct=j&q=&esrc=s&opi=95576897&sa=U&ved=0ahUKEwjE9dKsv7yMAxVBpZUCHRdpMMgQguUECIoQ&usg=AOvVaw09F2ODejLoiJ2A74oDm3Ov
Asus Placa Gráfica Rog Strix RTX 4070 Super 12GB GDDR6X Preto;['R$\xa010.608,89'];OctoShop BR;/url?url=https://br.octoshop.com/products/gigabyte-aorus-geforce-rtx-4070-super-12gb%3Fvariant%3D50730157932847%26country%3DBR%26currency%3DBRL%26utm_medium%3Dproduct_sync%26utm_source%3Dgoogle%26utm_content%3Dsag_organic%26utm_campaign%3Dsag_organic%26srsltid%3DAfmBOorlmlkqk5qTpQjL3BN6yD8FIxkFUlZKIU9qt1LhwUTPakg1PU1uyD0&rct=j&q=&esrc=s&opi=95576897&sa=U&ved=0ahUKEwjE9dKsv7yMAxVBpZUCHRdpMMgQguUECIsQ&usg=AOvVaw3JrkcO2nl4EJaudplMHf0r
Placa De Vídeo Asus TUF NVIDIA RTX 4070 - 12GB, G6X, 192bits;['R$\xa09.895,99'];OctoShop BR;/url?url=https://br.octoshop.com/products/asus-proart-geforce-rtx-4070-ti-super-16gb-gddr6x%3Fvariant%3D50730085974319%26country%3DBR%26currency%3DBRL%26utm_medium%3Dproduct_sync%26utm_source%3Dgoogle%26utm_content%3Dsag_organic%26utm_campaign%3Dsag_organic%26srsltid%3DAfmBOopXBhUIFyDtOgb9MPt-aK_nx37EkB_6kvTxvMO6UeyJNDS6i8TBeyc&rct=j&q=&esrc=s&opi=95576897&sa=U&ved=0ahUKEwjE9dKsv7yMAxVBpZUCHRdpMMgQguUECJsQ&usg=AOvVaw3oLzAjU9DOhjecerwPrlp0
Placa De Vídeo NVIDIA Msi RTX 4070 Ti Gaming X Trio;['R$\xa010.989,00'];OctoShop BR;/url?url=https://br.octoshop.com/products/asus-proart-geforce-rtx-4070-ti-super-16gb-gddr6x%3Fvariant%3D50730085974319%26country%3DBR%26currency%3DBRL%26utm_medium%3Dproduct_sync%26utm_source%3Dgoogle%26utm_content%3Dsag_organic%26utm_campaign%3Dsag_organic%26srsltid%3DAfmBOopXBhUIFyDtOgb9MPt-aK_nx37EkB_6kvTxvMO6UeyJNDS6i8TBeyc&rct=j&q=&esrc=s&opi=95576897&sa=U&ved=0ahUKEwjE9dKsv7yMAxVBpZUCHRdpMMgQguUECJwQ&usg=AOvVaw0MuHArTqfNBUFhppGVXPgK
;;;/url?url=https://br.octoshop.com/products/asus-geforce-rtx-4070-super-12gb-gddr6x%3Fcurrency%3DBRL%26variant%3D50730072801583%26utm_source%3Dgoogle%26utm_medium%3Dcpc%26utm_campaign%3DGoogle%2520Shopping%26stkn%3Dfd2ca2e37b8c%26srsltid%3DAfmBOooke6pDX1MdRMeRSsCQqRXBO2AtQtA5DObb1aypH_id7vqv4atADgo&rct=j&q=&esrc=s&opi=95576897&sa=U&ved=0ahUKEwjE9dKsv7yMAxVBpZUCHRdpMMgQguUECKsQ&usg=AOvVaw2_GYdQSeYvM_M4h1metZ5P
;;;/url?url=https://br.octoshop.com/products/asus-geforce-rtx-4070-super-12gb-gddr6x%3Fcurrency%3DBRL%26variant%3D50730072801583%26utm_source%3Dgoogle%26utm_medium%3Dcpc%26utm_campaign%3DGoogle%2520Shopping%26stkn%3Dfd2ca2e37b8c%26srsltid%3DAfmBOooke6pDX1MdRMeRSsCQqRXBO2AtQtA5DObb1aypH_id7vqv4atADgo&rct=j&q=&esrc=s&opi=95576897&sa=U&ved=0ahUKEwjE9dKsv7yMAxVBpZUCHRdpMMgQguUECKwQ&usg=AOvVaw0xlnj4STTEa8aGIhcChsV0
;;;/url?url=https://br.octoshop.com/products/gigabyte-geforce-rtx-4070-ti-super-windforce-16gb%3Fvariant%3D50730165141807%26country%3DBR%26currency%3DBRL%26utm_medium%3Dproduct_sync%26utm_source%3Dgoogle%26utm_content%3Dsag_organic%26utm_campaign%3Dsag_organic%26srsltid%3DAfmBOoqpbNnFxWcIOlm4fobPOpO65V2S9R397GC2khakC1DmYm8PrU8Ullw&rct=j&q=&esrc=s&opi=95576897&sa=U&ved=0ahUKEwjE9dKsv7yMAxVBpZUCHRdpMMgQguUECL0Q&usg=AOvVaw1fAB0zkW3d3O5DmWiP5fAw
;;;/url?url=https://br.octoshop.com/products/gigabyte-geforce-rtx-4070-ti-super-windforce-16gb%3Fvariant%3D50730165141807%26country%3DBR%26currency%3DBRL%26utm_medium%3Dproduct_sync%26utm_source%3Dgoogle%26utm_content%3Dsag_organic%26utm_campaign%3Dsag_organic%26srsltid%3DAfmBOoqpbNnFxWcIOlm4fobPOpO65V2S9R397GC2khakC1DmYm8PrU8Ullw&rct=j&q=&esrc=s&opi=95576897&sa=U&ved=0ahUKEwjE9dKsv7yMAxVBpZUCHRdpMMgQguUECL4Q&usg=AOvVaw37Mv5-u_jN_NIo38PBCv4C
;;;/url?url=https://br.octoshop.com/products/gigabyte-aorus-geforce-rtx-4070-ti-super-master%3Fvariant%3D50730157703471%26country%3DBR%26currency%3DBRL%26utm_medium%3Dproduct_sync%26utm_source%3Dgoogle%26utm_content%3Dsag_organic%26utm_campaign%3Dsag_organic%26srsltid%3DAfmBOopG94OSH-ZOOJ35LccyAhhBMqpX1FS2FezSqjw9JmWNzfPacW0gISQ&rct=j&q=&esrc=s&opi=95576897&sa=U&ved=0ahUKEwjE9dKsv7yMAxVBpZUCHRdpMMgQguUECM4Q&usg=AOvVaw2jKmBhvH3cJQUg18Nj6323
;;;/url?url=https://br.octoshop.com/products/gigabyte-aorus-geforce-rtx-4070-ti-super-master%3Fvariant%3D50730157703471%26country%3DBR%26currency%3DBRL%26utm_medium%3Dproduct_sync%26utm_source%3Dgoogle%26utm_content%3Dsag_organic%26utm_campaign%3Dsag_organic%26srsltid%3DAfmBOopG94OSH-ZOOJ35LccyAhhBMqpX1FS2FezSqjw9JmWNzfPacW0gISQ&rct=j&q=&esrc=s&opi=95576897&sa=U&ved=0ahUKEwjE9dKsv7yMAxVBpZUCHRdpMMgQguUECM8Q&usg=AOvVaw0DdEB3-Bsu5-8Yj46jyVgo
;;;/url?url=https://br.octoshop.com/products/msi-geforce-rtx-4070-super-12g%3Fcurrency%3DBRL%26variant%3D50730259710255%26utm_source%3Dgoogle%26utm_medium%3Dcpc%26utm_campaign%3DGoogle%2520Shopping%26stkn%3Dfd2ca2e37b8c%26srsltid%3DAfmBOoqzo9XHOmPG4N4AK2mhX6LPR1O7fRB7AMEB9dpm45sbcrDoueF0fB8&rct=j&q=&esrc=s&opi=95576897&sa=U&ved=0ahUKEwjE9dKsv7yMAxVBpZUCHRdpMMgQguUECN8Q&usg=AOvVaw0alXvLMtkTFISGmZDLDvGC
;;;/url?url=https://br.octoshop.com/products/msi-geforce-rtx-4070-super-12g%3Fcurrency%3DBRL%26variant%3D50730259710255%26utm_source%3Dgoogle%26utm_medium%3Dcpc%26utm_campaign%3DGoogle%2520Shopping%26stkn%3Dfd2ca2e37b8c%26srsltid%3DAfmBOoqzo9XHOmPG4N4AK2mhX6LPR1O7fRB7AMEB9dpm45sbcrDoueF0fB8&rct=j&q=&esrc=s&opi=95576897&sa=U&ved=0ahUKEwjE9dKsv7yMAxVBpZUCHRdpMMgQguUECOAQ&usg=AOvVaw3AQ9PjZAUU5OuPgauHZhZ7
;;;/url?url=https://br.octoshop.com/products/nvidia-geforce-rtx-4070-super-preto%3Fcurrency%3DBRL%26variant%3D50730289627439%26utm_source%3Dgoogle%26utm_medium%3Dcpc%26utm_campaign%3DGoogle%2520Shopping%26stkn%3Dfd2ca2e37b8c%26srsltid%3DAfmBOopKl6fSKtlYqIL5fIbn4QJtfoMEFzfsTzv7J8r9ygI6i1bWCj2iH5E&rct=j&q=&esrc=s&opi=95576897&sa=U&ved=0ahUKEwjE9dKsv7yMAxVBpZUCHRdpMMgQgOUECOsQ&usg=AOvVaw1yT3ZNzf_D1Pxu_X9gI91Z
;;;/url?url=https://br.octoshop.com/products/nvidia-geforce-rtx-4070-super-preto%3Fcurrency%3DBRL%26variant%3D50730289627439%26utm_source%3Dgoogle%26utm_medium%3Dcpc%26utm_campaign%3DGoogle%2520Shopping%26stkn%3Dfd2ca2e37b8c%26srsltid%3DAfmBOopKl6fSKtlYqIL5fIbn4QJtfoMEFzfsTzv7J8r9ygI6i1bWCj2iH5E&rct=j&q=&esrc=s&opi=95576897&sa=U&ved=0ahUKEwjE9dKsv7yMAxVBpZUCHRdpMMgQgOUECOwQ&usg=AOvVaw1ODirp7YYQbozUy7UemZST
;;;/url?url=https://br.octoshop.com/products/gigabyte-geforce-rtx-4070-ti-super-aero-oc-16gb%3Fvariant%3D50730159964463%26country%3DBR%26currency%3DBRL%26utm_medium%3Dproduct_sync%26utm_source%3Dgoogle%26utm_content%3Dsag_organic%26utm_campaign%3Dsag_organic%26srsltid%3DAfmBOopTnhoUycnQ4Bq6MQUKUes9_aG45ih8oNLTO0aQbbAn7Gl7uNSTOUQ&rct=j&q=&esrc=s&opi=95576897&sa=U&ved=0ahUKEwjE9dKsv7yMAxVBpZUCHRdpMMgQgOUECPoQ&usg=AOvVaw0XmqNZS2jgq5u1Pav3D-tN
;;;/url?url=https://br.octoshop.com/products/gigabyte-geforce-rtx-4070-ti-super-aero-oc-16gb%3Fvariant%3D50730159964463%26country%3DBR%26currency%3DBRL%26utm_medium%3Dproduct_sync%26utm_source%3Dgoogle%26utm_content%3Dsag_organic%26utm_campaign%3Dsag_organic%26srsltid%3DAfmBOopTnhoUycnQ4Bq6MQUKUes9_aG45ih8oNLTO0aQbbAn7Gl7uNSTOUQ&rct=j&q=&esrc=s&opi=95576897&sa=U&ved=0ahUKEwjE9dKsv7yMAxVBpZUCHRdpMMgQgOUECPsQ&usg=AOvVaw0Ssf5rKIMS7OeZqtT8faHx
;;;/url?url=https://br.octoshop.com/products/gigabyte-geforce-rtx-4070-2k-4k%3Fvariant%3D50730163994927%26country%3DBR%26currency%3DBRL%26utm_medium%3Dproduct_sync%26utm_source%3Dgoogle%26utm_content%3Dsag_organic%26utm_campaign%3Dsag_organic%26srsltid%3DAfmBOoontcQw7zlKf31hg0iRNmRLSK1FJxnd1jifaGvnBoNTljTLBTxC7NY&rct=j&q=&esrc=s&opi=95576897&sa=U&ved=0ahUKEwjE9dKsv7yMAxVBpZUCHRdpMMgQgOUECIkR&usg=AOvVaw1fV3Id_N8fc2snX6b_nl_u
;;;/url?url=https://br.octoshop.com/products/gigabyte-geforce-rtx-4070-2k-4k%3Fvariant%3D50730163994927%26country%3DBR%26currency%3DBRL%26utm_medium%3Dproduct_sync%26utm_source%3Dgoogle%26utm_content%3Dsag_organic%26utm_campaign%3Dsag_organic%26srsltid%3DAfmBOoontcQw7zlKf31hg0iRNmRLSK1FJxnd1jifaGvnBoNTljTLBTxC7NY&rct=j&q=&esrc=s&opi=95576897&sa=U&ved=0ahUKEwjE9dKsv7yMAxVBpZUCHRdpMMgQgOUECIoR&usg=AOvVaw38mMol1r1H-Oln8XqjfKom
;;;/url?url=https://br.octoshop.com/products/gigabyte-aorus-geforce-rtx-4070ti-elite-12gb%3Fvariant%3D50755506438447%26country%3DBR%26currency%3DBRL%26utm_medium%3Dproduct_sync%26utm_source%3Dgoogle%26utm_content%3Dsag_organic%26utm_campaign%3Dsag_organic%26srsltid%3DAfmBOorUPV5uatEBvR-hQ-t4BQN8TxB0BtcKQ56EH67iXReCFaC8bA4gMIs&rct=j&q=&esrc=s&opi=95576897&sa=U&ved=0ahUKEwjE9dKsv7yMAxVBpZUCHRdpMMgQguUECJkR&usg=AOvVaw1iGUfjidmbtsYiNlvy9NTg
;;;/url?url=https://br.octoshop.com/products/gigabyte-aorus-geforce-rtx-4070ti-elite-12gb%3Fvariant%3D50755506438447%26country%3DBR%26currency%3DBRL%26utm_medium%3Dproduct_sync%26utm_source%3Dgoogle%26utm_content%3Dsag_organic%26utm_campaign%3Dsag_organic%26srsltid%3DAfmBOorUPV5uatEBvR-hQ-t4BQN8TxB0BtcKQ56EH67iXReCFaC8bA4gMIs&rct=j&q=&esrc=s&opi=95576897&sa=U&ved=0ahUKEwjE9dKsv7yMAxVBpZUCHRdpMMgQguUECJoR&usg=AOvVaw2H8qDqBgiVOlCt6grhoiDh
;;;/url?url=https://br.octoshop.com/products/msi-geforce-rtx-4070-super-12g-ventus-3x-oc%3Fcurrency%3DBRL%26variant%3D50730261741871%26utm_source%3Dgoogle%26utm_medium%3Dcpc%26utm_campaign%3DGoogle%2520Shopping%26stkn%3Dfd2ca2e37b8c%26srsltid%3DAfmBOoqIfgK1hpzZhiHe68UDuEMQXv7g4d1vFXUdj5ZRB76fJ5-MvfwDVjw&rct=j&q=&esrc=s&opi=95576897&sa=U&ved=0ahUKEwjE9dKsv7yMAxVBpZUCHRdpMMgQgOUECKcR&usg=AOvVaw1EqUGRx8C3eHu_Dbf3Vr5B
;;;/url?url=https://br.octoshop.com/products/msi-geforce-rtx-4070-super-12g-ventus-3x-oc%3Fcurrency%3DBRL%26variant%3D50730261741871%26utm_source%3Dgoogle%26utm_medium%3Dcpc%26utm_campaign%3DGoogle%2520Shopping%26stkn%3Dfd2ca2e37b8c%26srsltid%3DAfmBOoqIfgK1hpzZhiHe68UDuEMQXv7g4d1vFXUdj5ZRB76fJ5-MvfwDVjw&rct=j&q=&esrc=s&opi=95576897&sa=U&ved=0ahUKEwjE9dKsv7yMAxVBpZUCHRdpMMgQgOUECKgR&usg=AOvVaw0rOZE0w0RXvP08hWucYQE3
;;;/url?url=https://www.startecinfo.com.br/placa-de-video-msi-nvidia-geforce-rtx-4070-ventus-3x-e1-oc-12gb-gddr6-dlss-ray-tracing-912-v512-027%3Fvariation%3D22969704%26srsltid%3DAfmBOoofMgYDtWnGPRbJa3_Djx9o1o4LQzBTl7jVnsd7sKDEwR8I-IeXNLQ&rct=j&q=&esrc=s&opi=95576897&sa=U&ved=0ahUKEwjE9dKsv7yMAxVBpZUCHRdpMMgQguUECLgR&usg=AOvVaw327F9AmDH6tZesCILV096G
;;;/url?url=https://www.startecinfo.com.br/placa-de-video-msi-nvidia-geforce-rtx-4070-ventus-3x-e1-oc-12gb-gddr6-dlss-ray-tracing-912-v512-027%3Fvariation%3D22969704%26srsltid%3DAfmBOoofMgYDtWnGPRbJa3_Djx9o1o4LQzBTl7jVnsd7sKDEwR8I-IeXNLQ&rct=j&q=&esrc=s&opi=95576897&sa=U&ved=0ahUKEwjE9dKsv7yMAxVBpZUCHRdpMMgQguUECLkR&usg=AOvVaw33e9umltrBf2qQKAvFFyMi
;;;/url?url=https://www.celinfor.com.br/placas-de-video/placa-de-video-rtx-4070-super-msi-gaming-3x-oc-12gb-gddr6x-192-bits%3Fparceiro%3D2848&rct=j&q=&esrc=s&opi=95576897&sa=U&ved=0ahUKEwjE9dKsv7yMAxVBpZUCHRdpMMgQguUECMoR&usg=AOvVaw2LWb06OHP78ZEldteD83Jr
;;;/url?url=https://www.celinfor.com.br/placas-de-video/placa-de-video-rtx-4070-super-msi-gaming-3x-oc-12gb-gddr6x-192-bits%3Fparceiro%3D2848&rct=j&q=&esrc=s&opi=95576897&sa=U&ved=0ahUKEwjE9dKsv7yMAxVBpZUCHRdpMMgQguUECMsR&usg=AOvVaw1eZtIYXl9Pu7e5vYArT8ss
;;;/url?url=https://br.octoshop.com/products/gigabyte-geforce-rtx-4070super-eagle-oc-12gb%3Fcurrency%3DBRL%26variant%3D50730158555439%26utm_source%3Dgoogle%26utm_medium%3Dcpc%26utm_campaign%3DGoogle%2520Shopping%26stkn%3Dfd2ca2e37b8c%26srsltid%3DAfmBOoov28UHSUb1BnEQGOxJmpsl7zmdiLKs8UV4b9oZoN_pt62qtqzz_ls&rct=j&q=&esrc=s&opi=95576897&sa=U&ved=0ahUKEwjE9dKsv7yMAxVBpZUCHRdpMMgQgOUECNgR&usg=AOvVaw3sL_CJsR4uK3nTZioHr2h8
;;;/url?url=https://br.octoshop.com/products/gigabyte-geforce-rtx-4070super-eagle-oc-12gb%3Fcurrency%3DBRL%26variant%3D50730158555439%26utm_source%3Dgoogle%26utm_medium%3Dcpc%26utm_campaign%3DGoogle%2520Shopping%26stkn%3Dfd2ca2e37b8c%26srsltid%3DAfmBOoov28UHSUb1BnEQGOxJmpsl7zmdiLKs8UV4b9oZoN_pt62qtqzz_ls&rct=j&q=&esrc=s&opi=95576897&sa=U&ved=0ahUKEwjE9dKsv7yMAxVBpZUCHRdpMMgQgOUECNkR&usg=AOvVaw3GtJE0EpWPFaLBYbspNpS6
;;;/url?url=https://br.octoshop.com/products/asus-tuf-geforce-rtx-4070-super-12gb-gddr6x%3Fvariant%3D50730092396847%26country%3DBR%26currency%3DBRL%26utm_medium%3Dproduct_sync%26utm_source%3Dgoogle%26utm_content%3Dsag_organic%26utm_campaign%3Dsag_organic%26srsltid%3DAfmBOoorBwM1SUrwZvDmneTYWDH3Tppe3gV1KBfjeW4yplLFSgfvm_2-K6s&rct=j&q=&esrc=s&opi=95576897&sa=U&ved=0ahUKEwjE9dKsv7yMAxVBpZUCHRdpMMgQguUECOkR&usg=AOvVaw1EK3dDPFZOWRFeSr2fL0dU
;;;/url?url=https://br.octoshop.com/products/asus-tuf-geforce-rtx-4070-super-12gb-gddr6x%3Fvariant%3D50730092396847%26country%3DBR%26currency%3DBRL%26utm_medium%3Dproduct_sync%26utm_source%3Dgoogle%26utm_content%3Dsag_organic%26utm_campaign%3Dsag_organic%26srsltid%3DAfmBOoorBwM1SUrwZvDmneTYWDH3Tppe3gV1KBfjeW4yplLFSgfvm_2-K6s&rct=j&q=&esrc=s&opi=95576897&sa=U&ved=0ahUKEwjE9dKsv7yMAxVBpZUCHRdpMMgQguUECOoR&usg=AOvVaw2MDTdEpza8NMH3fYJqBVcF
;;;/url?url=https://br.octoshop.com/products/gigabyte-geforce-rtx-4070-ti-super-gaming-16gb%3Fvariant%3D50730162487599%26country%3DBR%26currency%3DBRL%26utm_medium%3Dproduct_sync%26utm_source%3Dgoogle%26utm_content%3Dsag_organic%26utm_campaign%3Dsag_organic%26srsltid%3DAfmBOorSWSRa96sl9T2f8Lroh8HvvqACccuUcXFKI7GrhxGXTZKP1JAIAfM&rct=j&q=&esrc=s&opi=95576897&sa=U&ved=0ahUKEwjE9dKsv7yMAxVBpZUCHRdpMMgQgOUECPgR&usg=AOvVaw1v1ZFy7vhTgvx_iZaGlcLR
;;;/url?url=https://br.octoshop.com/products/gigabyte-geforce-rtx-4070-ti-super-gaming-16gb%3Fvariant%3D50730162487599%26country%3DBR%26currency%3DBRL%26utm_medium%3Dproduct_sync%26utm_source%3Dgoogle%26utm_content%3Dsag_organic%26utm_campaign%3Dsag_organic%26srsltid%3DAfmBOorSWSRa96sl9T2f8Lroh8HvvqACccuUcXFKI7GrhxGXTZKP1JAIAfM&rct=j&q=&esrc=s&opi=95576897&sa=U&ved=0ahUKEwjE9dKsv7yMAxVBpZUCHRdpMMgQgOUECPkR&usg=AOvVaw15gHtJieMOxRY3WgcvvmvN
;;;/url?url=https://br.octoshop.com/products/asus-tx-gaming-geforce-rtx-4070-12gb-gddr6x%3Fvariant%3D50730093936943%26country%3DBR%26currency%3DBRL%26utm_medium%3Dproduct_sync%26utm_source%3Dgoogle%26utm_content%3Dsag_organic%26utm_campaign%3Dsag_organic%26srsltid%3DAfmBOoqF_Dfc0lp6mn46CZonjXJFy7B7P2Qa-3Jz-uPnN_X_Aq_Ti6_i_r8&rct=j&q=&esrc=s&opi=95576897&sa=U&ved=0ahUKEwjE9dKsv7yMAxVBpZUCHRdpMMgQgOUECIcS&usg=AOvVaw1-70wkG8HfZTvLxAZLWS7y
;;;/url?url=https://br.octoshop.com/products/asus-tx-gaming-geforce-rtx-4070-12gb-gddr6x%3Fvariant%3D50730093936943%26country%3DBR%26currency%3DBRL%26utm_medium%3Dproduct_sync%26utm_source%3Dgoogle%26utm_content%3Dsag_organic%26utm_campaign%3Dsag_organic%26srsltid%3DAfmBOoqF_Dfc0lp6mn46CZonjXJFy7B7P2Qa-3Jz-uPnN_X_Aq_Ti6_i_r8&rct=j&q=&esrc=s&opi=95576897&sa=U&ved=0ahUKEwjE9dKsv7yMAxVBpZUCHRdpMMgQgOUECIgS&usg=AOvVaw1WDJLkIjM6_5swISGXDpcm
;;;/url?url=https://br.octoshop.com/products/gigabyte-geforce-rtx-4070-super-windforce-12gb%3Fvariant%3D50730167763247%26country%3DBR%26currency%3DBRL%26utm_medium%3Dproduct_sync%26utm_source%3Dgoogle%26utm_content%3Dsag_organic%26utm_campaign%3Dsag_organic%26srsltid%3DAfmBOoqH_TIcZVWCmhPDzqJn_Eou0FHUR_o3ljIGtadx8G73t1hdMWSMYjg&rct=j&q=&esrc=s&opi=95576897&sa=U&ved=0ahUKEwjE9dKsv7yMAxVBpZUCHRdpMMgQguUECJgS&usg=AOvVaw0Es2wyLoskwX-DmP8QDkeT
;;;/url?url=https://br.octoshop.com/products/gigabyte-geforce-rtx-4070-super-windforce-12gb%3Fvariant%3D50730167763247%26country%3DBR%26currency%3DBRL%26utm_medium%3Dproduct_sync%26utm_source%3Dgoogle%26utm_content%3Dsag_organic%26utm_campaign%3Dsag_organic%26srsltid%3DAfmBOoqH_TIcZVWCmhPDzqJn_Eou0FHUR_o3ljIGtadx8G73t1hdMWSMYjg&rct=j&q=&esrc=s&opi=95576897&sa=U&ved=0ahUKEwjE9dKsv7yMAxVBpZUCHRdpMMgQguUECJkS&usg=AOvVaw3pVRCuM6hmyNWQABrqgpYz
;;;/url?url=https://br.octoshop.com/products/gigabyte-geforce-rtx-4070super-variacao%3Fcurrency%3DBRL%26variant%3D50730158129455%26utm_source%3Dgoogle%26utm_medium%3Dcpc%26utm_campaign%3DGoogle%2520Shopping%26stkn%3Dfd2ca2e37b8c%26srsltid%3DAfmBOoo7_haosJMhIlyRONxwJOQIwpOsRgVvSFiFF-qI0dFYs_KDdym1I-8&rct=j&q=&esrc=s&opi=95576897&sa=U&ved=0ahUKEwjE9dKsv7yMAxVBpZUCHRdpMMgQgOUECKYS&usg=AOvVaw0xx3o163OY1YWCAYrysnmK
;;;/url?url=https://br.octoshop.com/products/gigabyte-geforce-rtx-4070super-variacao%3Fcurrency%3DBRL%26variant%3D50730158129455%26utm_source%3Dgoogle%26utm_medium%3Dcpc%26utm_campaign%3DGoogle%2520Shopping%26stkn%3Dfd2ca2e37b8c%26srsltid%3DAfmBOoo7_haosJMhIlyRONxwJOQIwpOsRgVvSFiFF-qI0dFYs_KDdym1I-8&rct=j&q=&esrc=s&opi=95576897&sa=U&ved=0ahUKEwjE9dKsv7yMAxVBpZUCHRdpMMgQgOUECKcS&usg=AOvVaw3TzezDMI1Ylf31qJnhwyyN
;;;/url?url=https://br.octoshop.com/products/msi-geforce-rtx-4070-super-12g-gaming-x-slim%3Fcurrency%3DBRL%26variant%3D50730269278511%26utm_source%3Dgoogle%26utm_medium%3Dcpc%26utm_campaign%3DGoogle%2520Shopping%26stkn%3Dfd2ca2e37b8c%26srsltid%3DAfmBOopKLODsW96aYcKb0FBP6b6qkbdJDniVp8pcqJ-a0sPZLzUkFjdPtaE&rct=j&q=&esrc=s&opi=95576897&sa=U&ved=0ahUKEwjE9dKsv7yMAxVBpZUCHRdpMMgQgOUECLMS&usg=AOvVaw1ZiQ6c9pUvaQ9aEUQxiODf
;;;/url?url=https://br.octoshop.com/products/msi-geforce-rtx-4070-super-12g-gaming-x-slim%3Fcurrency%3DBRL%26variant%3D50730269278511%26utm_source%3Dgoogle%26utm_medium%3Dcpc%26utm_campaign%3DGoogle%2520Shopping%26stkn%3Dfd2ca2e37b8c%26srsltid%3DAfmBOopKLODsW96aYcKb0FBP6b6qkbdJDniVp8pcqJ-a0sPZLzUkFjdPtaE&rct=j&q=&esrc=s&opi=95576897&sa=U&ved=0ahUKEwjE9dKsv7yMAxVBpZUCHRdpMMgQgOUECLQS&usg=AOvVaw2ahtHKke0QuSXQUSACz_Wx
;;;/url?url=https://br.octoshop.com/products/gigabyte-geforce-rtx-4070super-eagle-oc-ice-12gb%3Fvariant%3D50730167435567%26country%3DBR%26currency%3DBRL%26utm_medium%3Dproduct_sync%26utm_source%3Dgoogle%26utm_content%3Dsag_organic%26utm_campaign%3Dsag_organic%26srsltid%3DAfmBOoqsGbe5YmJmS_Bw3hKDGU5OXYjDKKdRQok8KlHU-LtaOYDXVIBjdMQ&rct=j&q=&esrc=s&opi=95576897&sa=U&ved=0ahUKEwjE9dKsv7yMAxVBpZUCHRdpMMgQgOUECMIS&usg=AOvVaw0urzJjmjiAgC5aHXR_P0bQ
;;;/url?url=https://br.octoshop.com/products/gigabyte-geforce-rtx-4070super-eagle-oc-ice-12gb%3Fvariant%3D50730167435567%26country%3DBR%26currency%3DBRL%26utm_medium%3Dproduct_sync%26utm_source%3Dgoogle%26utm_content%3Dsag_organic%26utm_campaign%3Dsag_organic%26srsltid%3DAfmBOoqsGbe5YmJmS_Bw3hKDGU5OXYjDKKdRQok8KlHU-LtaOYDXVIBjdMQ&rct=j&q=&esrc=s&opi=95576897&sa=U&ved=0ahUKEwjE9dKsv7yMAxVBpZUCHRdpMMgQgOUECMMS&usg=AOvVaw3LaoV2xxZXdMiO2szl0dLC
;;;/url?url=https://www.tiburon.com.br/rtx-4070%3Fsrsltid%3DAfmBOopK6WywPllXFxqGNZCa_HQHWZCFrdrw8jamyT6BEj6DkmLuYjatVb4&rct=j&q=&esrc=s&opi=95576897&sa=U&ved=0ahUKEwjE9dKsv7yMAxVBpZUCHRdpMMgQguUECNIS&usg=AOvVaw2If2SAE11kmpJqn0EiCOvc
;;;/url?url=https://www.tiburon.com.br/rtx-4070%3Fsrsltid%3DAfmBOopK6WywPllXFxqGNZCa_HQHWZCFrdrw8jamyT6BEj6DkmLuYjatVb4&rct=j&q=&esrc=s&opi=95576897&sa=U&ved=0ahUKEwjE9dKsv7yMAxVBpZUCHRdpMMgQguUECNMS&usg=AOvVaw3HpAEY9YBlKzMr-MmdJo00
;;;/url?url=https://br.octoshop.com/products/gigabyte-geforce-rtx-4070-super%3Fvariant%3D50730163470639%26country%3DBR%26currency%3DBRL%26utm_medium%3Dproduct_sync%26utm_source%3Dgoogle%26utm_content%3Dsag_organic%26utm_campaign%3Dsag_organic%26srsltid%3DAfmBOorR-njkTFyBKVrQlZu0VPpGVTuew97pCVJ4gtgddzw4UdfIawNp1EE&rct=j&q=&esrc=s&opi=95576897&sa=U&ved=0ahUKEwjE9dKsv7yMAxVBpZUCHRdpMMgQgOUECN8S&usg=AOvVaw0wbnHMGJabakkzfVKzQaPB
;;;/url?url=https://br.octoshop.com/products/gigabyte-geforce-rtx-4070-super%3Fvariant%3D50730163470639%26country%3DBR%26currency%3DBRL%26utm_medium%3Dproduct_sync%26utm_source%3Dgoogle%26utm_content%3Dsag_organic%26utm_campaign%3Dsag_organic%26srsltid%3DAfmBOorR-njkTFyBKVrQlZu0VPpGVTuew97pCVJ4gtgddzw4UdfIawNp1EE&rct=j&q=&esrc=s&opi=95576897&sa=U&ved=0ahUKEwjE9dKsv7yMAxVBpZUCHRdpMMgQgOUECOAS&usg=AOvVaw1EITOq1oJATLEc6shyetfc
;;;/url?url=https://br.octoshop.com/products/gigabyte-geforce-rtx-4070-ti-super-eagle-oc-ice-16gb%3Fvariant%3D50730160161071%26country%3DBR%26currency%3DBRL%26utm_medium%3Dproduct_sync%26utm_source%3Dgoogle%26utm_content%3Dsag_organic%26utm_campaign%3Dsag_organic%26srsltid%3DAfmBOoqr8R06i5hgLcYh9yjOjD2QW-Zmpeb4PnUgkLF_uBCI4qPHPeAhLC0&rct=j&q=&esrc=s&opi=95576897&sa=U&ved=0ahUKEwjE9dKsv7yMAxVBpZUCHRdpMMgQguUECPIS&usg=AOvVaw0HZzus9OAJQeEfQplfGrY4
;;;/url?url=https://br.octoshop.com/products/gigabyte-geforce-rtx-4070-ti-super-eagle-oc-ice-16gb%3Fvariant%3D50730160161071%26country%3DBR%26currency%3DBRL%26utm_medium%3Dproduct_sync%26utm_source%3Dgoogle%26utm_content%3Dsag_organic%26utm_campaign%3Dsag_organic%26srsltid%3DAfmBOoqr8R06i5hgLcYh9yjOjD2QW-Zmpeb4PnUgkLF_uBCI4qPHPeAhLC0&rct=j&q=&esrc=s&opi=95576897&sa=U&ved=0ahUKEwjE9dKsv7yMAxVBpZUCHRdpMMgQguUECPMS&usg=AOvVaw0HkeLjzvd_TkA2kwvnGXGR
;;;/url?url=https://br.octoshop.com/products/asus-rog-strix-geforce-rtx-4070ti-012gb-oc%3Fcurrency%3DBRL%26variant%3D50755460989231%26utm_source%3Dgoogle%26utm_medium%3Dcpc%26utm_campaign%3DGoogle%2520Shopping%26stkn%3Dfd2ca2e37b8c%26srsltid%3DAfmBOopWIBzbkQsgehupInYLRoQQWyrb7Zit76HNc37oq14C7_ZWh-UR4Es&rct=j&q=&esrc=s&opi=95576897&sa=U&ved=0ahUKEwjE9dKsv7yMAxVBpZUCHRdpMMgQguUECIIT&usg=AOvVaw15CwwLQ_n9mPYCdkYpUzxe
;;;/url?url=https://br.octoshop.com/products/asus-rog-strix-geforce-rtx-4070ti-012gb-oc%3Fcurrency%3DBRL%26variant%3D50755460989231%26utm_source%3Dgoogle%26utm_medium%3Dcpc%26utm_campaign%3DGoogle%2520Shopping%26stkn%3Dfd2ca2e37b8c%26srsltid%3DAfmBOopWIBzbkQsgehupInYLRoQQWyrb7Zit76HNc37oq14C7_ZWh-UR4Es&rct=j&q=&esrc=s&opi=95576897&sa=U&ved=0ahUKEwjE9dKsv7yMAxVBpZUCHRdpMMgQguUECIMT&usg=AOvVaw1IqSHlo2VSeofln_0-kq53
;;;/url?url=https://br.octoshop.com/products/gigabyte-geforce-rtx-4070ti-gaming-oc-4k%3Fcurrency%3DBRL%26variant%3D50730165829935%26utm_source%3Dgoogle%26utm_medium%3Dcpc%26utm_campaign%3DGoogle%2520Shopping%26stkn%3Dfd2ca2e37b8c%26srsltid%3DAfmBOorJMfrTUbz45HCxfJofWgDt6bCM3D7Zbcp0wD582Bw3GmmAP9k9u8M&rct=j&q=&esrc=s&opi=95576897&sa=U&ved=0ahUKEwjE9dKsv7yMAxVBpZUCHRdpMMgQguUECJMT&usg=AOvVaw0fbU4_6LvYiJRsk5evU0AY
;;;/url?url=https://br.octoshop.com/products/gigabyte-geforce-rtx-4070ti-gaming-oc-4k%3Fcurrency%3DBRL%26variant%3D50730165829935%26utm_source%3Dgoogle%26utm_medium%3Dcpc%26utm_campaign%3DGoogle%2520Shopping%26stkn%3Dfd2ca2e37b8c%26srsltid%3DAfmBOorJMfrTUbz45HCxfJofWgDt6bCM3D7Zbcp0wD582Bw3GmmAP9k9u8M&rct=j&q=&esrc=s&opi=95576897&sa=U&ved=0ahUKEwjE9dKsv7yMAxVBpZUCHRdpMMgQguUECJQT&usg=AOvVaw23PPaOgDr_lIVco4TC4agb
;;;/url?url=https://arenacomputadores.com.br/produto/placa-de-video-rtx-4070-super-12gb/%3Fsrsltid%3DAfmBOoqXswu3RPbIvv2N2SGMUsnVUGohxkNYtfvYDqvpRpnK81tDEP1sCh8&rct=j&q=&esrc=s&opi=95576897&sa=U&ved=0ahUKEwjE9dKsv7yMAxVBpZUCHRdpMMgQguUECKMT&usg=AOvVaw3uooPUJ1wQQRk0LLUxHtcw
;;;/url?url=https://arenacomputadores.com.br/produto/placa-de-video-rtx-4070-super-12gb/%3Fsrsltid%3DAfmBOoqXswu3RPbIvv2N2SGMUsnVUGohxkNYtfvYDqvpRpnK81tDEP1sCh8&rct=j&q=&esrc=s&opi=95576897&sa=U&ved=0ahUKEwjE9dKsv7yMAxVBpZUCHRdpMMgQguUECKQT&usg=AOvVaw2oiZ3_k9svqnqydpg4xZq1
;;;/url?url=https://br.octoshop.com/products/asus-proart-geforce-rtx-4070-ti-12gb%3Fvariant%3D50730085876015%26country%3DBR%26currency%3DBRL%26utm_medium%3Dproduct_sync%26utm_source%3Dgoogle%26utm_content%3Dsag_organic%26utm_campaign%3Dsag_organic%26srsltid%3DAfmBOoqSX739ZtfmmF0PaFN9GDyq5XeI5w2cV182wQ5PiSbp9kZs6rOt1aU&rct=j&q=&esrc=s&opi=95576897&sa=U&ved=0ahUKEwjE9dKsv7yMAxVBpZUCHRdpMMgQguUECLQT&usg=AOvVaw1nQShc8dEp5eoGNA2RXg9y
;;;/url?url=https://br.octoshop.com/products/asus-proart-geforce-rtx-4070-ti-12gb%3Fvariant%3D50730085876015%26country%3DBR%26currency%3DBRL%26utm_medium%3Dproduct_sync%26utm_source%3Dgoogle%26utm_content%3Dsag_organic%26utm_campaign%3Dsag_organic%26srsltid%3DAfmBOoqSX739ZtfmmF0PaFN9GDyq5XeI5w2cV182wQ5PiSbp9kZs6rOt1aU&rct=j&q=&esrc=s&opi=95576897&sa=U&ved=0ahUKEwjE9dKsv7yMAxVBpZUCHRdpMMgQguUECLUT&usg=AOvVaw0DyHLoRfXo9GJnsGUF-ttU
;;;/url?url=https://br.octoshop.com/products/asus-ats-geforce-rtx-4070-12gb-gddr6x-v2%3Fvariant%3D50730072670511%26country%3DBR%26currency%3DBRL%26utm_medium%3Dproduct_sync%26utm_source%3Dgoogle%26utm_content%3Dsag_organic%26utm_campaign%3Dsag_organic%26srsltid%3DAfmBOoo6oARpS04hvD4DX450J3Cu_dyMwx9nohfuu2pb1HrL0mepjSD7xbo&rct=j&q=&esrc=s&opi=95576897&sa=U&ved=0ahUKEwjE9dKsv7yMAxVBpZUCHRdpMMgQgOUECMQT&usg=AOvVaw069sPdGhvO4NLnz_acKhTe
;;;/url?url=https://br.octoshop.com/products/asus-ats-geforce-rtx-4070-12gb-gddr6x-v2%3Fvariant%3D50730072670511%26country%3DBR%26currency%3DBRL%26utm_medium%3Dproduct_sync%26utm_source%3Dgoogle%26utm_content%3Dsag_organic%26utm_campaign%3Dsag_organic%26srsltid%3DAfmBOoo6oARpS04hvD4DX450J3Cu_dyMwx9nohfuu2pb1HrL0mepjSD7xbo&rct=j&q=&esrc=s&opi=95576897&sa=U&ved=0ahUKEwjE9dKsv7yMAxVBpZUCHRdpMMgQgOUECMUT&usg=AOvVaw1Amj4Z5vOUqnfiNDg_q1hP
;;;/url?url=https://br.octoshop.com/products/nvidia-rtx4070-preto%3Fvariant%3D50730291396911%26country%3DBR%26currency%3DBRL%26utm_medium%3Dproduct_sync%26utm_source%3Dgoogle%26utm_content%3Dsag_organic%26utm_campaign%3Dsag_organic%26srsltid%3DAfmBOoqIbJpb62UzXq87OXNsV-PnSohlfEBshBVoRuhUfxCPMbJ9B92oV8Y&rct=j&q=&esrc=s&opi=95576897&sa=U&ved=0ahUKEwjE9dKsv7yMAxVBpZUCHRdpMMgQgOUECNMT&usg=AOvVaw1vq35r9H7n9KthrMScP6dm
;;;/url?url=https://br.octoshop.com/products/nvidia-rtx4070-preto%3Fvariant%3D50730291396911%26country%3DBR%26currency%3DBRL%26utm_medium%3Dproduct_sync%26utm_source%3Dgoogle%26utm_content%3Dsag_organic%26utm_campaign%3Dsag_organic%26srsltid%3DAfmBOoqIbJpb62UzXq87OXNsV-PnSohlfEBshBVoRuhUfxCPMbJ9B92oV8Y&rct=j&q=&esrc=s&opi=95576897&sa=U&ved=0ahUKEwjE9dKsv7yMAxVBpZUCHRdpMMgQgOUECNQT&usg=AOvVaw3vE3TKUgqk44ylZelu27R0
;;;/url?url=https://br.octoshop.com/products/nvidia-rtx4070ti-12g-turbo-edition-preto%3Fvariant%3D50730290839855%26country%3DBR%26currency%3DBRL%26utm_medium%3Dproduct_sync%26utm_source%3Dgoogle%26utm_content%3Dsag_organic%26utm_campaign%3Dsag_organic%26srsltid%3DAfmBOooN1MCK1p18s1t9Ph17O8mdlQ9umzjmApbQr6MUgM-iLdDd-0NGw38&rct=j&q=&esrc=s&opi=95576897&sa=U&ved=0ahUKEwjE9dKsv7yMAxVBpZUCHRdpMMgQgOUECOET&usg=AOvVaw3hh83wqjE-MawSUPsRaez8
;;;/url?url=https://br.octoshop.com/products/nvidia-rtx4070ti-12g-turbo-edition-preto%3Fvariant%3D50730290839855%26country%3DBR%26currency%3DBRL%26utm_medium%3Dproduct_sync%26utm_source%3Dgoogle%26utm_content%3Dsag_organic%26utm_campaign%3Dsag_organic%26srsltid%3DAfmBOooN1MCK1p18s1t9Ph17O8mdlQ9umzjmApbQr6MUgM-iLdDd-0NGw38&rct=j&q=&esrc=s&opi=95576897&sa=U&ved=0ahUKEwjE9dKsv7yMAxVBpZUCHRdpMMgQgOUECOIT&usg=AOvVaw1Md4u34lsJB-S4cmbQ2OPU
;;;/url?url=https://br.octoshop.com/products/asus-dual-geforce-rtx-4070-super-12gb-branca%3Fcurrency%3DBRL%26variant%3D50730073915695%26utm_source%3Dgoogle%26utm_medium%3Dcpc%26utm_campaign%3DGoogle%2520Shopping%26stkn%3Dfd2ca2e37b8c%26srsltid%3DAfmBOorOrvSTxHNPEKRaNkrz7Hi1KOxX-Z4-7zRks3YBXWv8FzQGaI9qN60&rct=j&q=&esrc=s&opi=95576897&sa=U&ved=0ahUKEwjE9dKsv7yMAxVBpZUCHRdpMMgQguUECPIT&usg=AOvVaw220B_DvCXNVAzTA_m565Ca
;;;/url?url=https://br.octoshop.com/products/asus-dual-geforce-rtx-4070-super-12gb-branca%3Fcurrency%3DBRL%26variant%3D50730073915695%26utm_source%3Dgoogle%26utm_medium%3Dcpc%26utm_campaign%3DGoogle%2520Shopping%26stkn%3Dfd2ca2e37b8c%26srsltid%3DAfmBOorOrvSTxHNPEKRaNkrz7Hi1KOxX-Z4-7zRks3YBXWv8FzQGaI9qN60&rct=j&q=&esrc=s&opi=95576897&sa=U&ved=0ahUKEwjE9dKsv7yMAxVBpZUCHRdpMMgQguUECPMT&usg=AOvVaw3GogCsSvIlrnIwnkSkpSXE
;;;/url?url=https://br.octoshop.com/products/msi-geforce-rtx-4070-super-12g-ventus-3x-oc%3Fvariant%3D50730261741871%26country%3DBR%26currency%3DBRL%26utm_medium%3Dproduct_sync%26utm_source%3Dgoogle%26utm_content%3Dsag_organic%26utm_campaign%3Dsag_organic%26srsltid%3DAfmBOopN-g3xPovRK8vYvPkwnwedUda_ahwP7dKWwC07IlJripYJCbNgxYU&rct=j&q=&esrc=s&opi=95576897&sa=U&ved=0ahUKEwjE9dKsv7yMAxVBpZUCHRdpMMgQguUECIQU&usg=AOvVaw1eFsiNW0xXb_UJTtn-U__k
;;;/url?url=https://br.octoshop.com/products/msi-geforce-rtx-4070-super-12g-ventus-3x-oc%3Fvariant%3D50730261741871%26country%3DBR%26currency%3DBRL%26utm_medium%3Dproduct_sync%26utm_source%3Dgoogle%26utm_content%3Dsag_organic%26utm_campaign%3Dsag_organic%26srsltid%3DAfmBOopN-g3xPovRK8vYvPkwnwedUda_ahwP7dKWwC07IlJripYJCbNgxYU&rct=j&q=&esrc=s&opi=95576897&sa=U&ved=0ahUKEwjE9dKsv7yMAxVBpZUCHRdpMMgQguUECIUU&usg=AOvVaw0FJkg91qoLfdlkhGRn9CLM
;;;/url?url=https://br.octoshop.com/products/msi-geforce-rtx-4070-ti-super-16gb%3Fcurrency%3DBRL%26variant%3D50730259480879%26utm_source%3Dgoogle%26utm_medium%3Dcpc%26utm_campaign%3DGoogle%2520Shopping%26stkn%3Dfd2ca2e37b8c%26srsltid%3DAfmBOoq3uwHnL8fPT6hRWeyq5v1gu44ZnHawpqTHHsXuEcJeHA7duUaSLCs&rct=j&q=&esrc=s&opi=95576897&sa=U&ved=0ahUKEwjE9dKsv7yMAxVBpZUCHRdpMMgQgOUECJEU&usg=AOvVaw2kJnpd1CFm4Y1PQHNrnnAQ
;;;/url?url=https://br.octoshop.com/products/msi-geforce-rtx-4070-ti-super-16gb%3Fcurrency%3DBRL%26variant%3D50730259480879%26utm_source%3Dgoogle%26utm_medium%3Dcpc%26utm_campaign%3DGoogle%2520Shopping%26stkn%3Dfd2ca2e37b8c%26srsltid%3DAfmBOoq3uwHnL8fPT6hRWeyq5v1gu44ZnHawpqTHHsXuEcJeHA7duUaSLCs&rct=j&q=&esrc=s&opi=95576897&sa=U&ved=0ahUKEwjE9dKsv7yMAxVBpZUCHRdpMMgQgOUECJIU&usg=AOvVaw0sXgA5cornPD2plqwM-EuA
;;;/url?url=https://br.octoshop.com/products/asus-tuf-geforce-rtx-4070-12gb-gddr6x%3Fcurrency%3DBRL%26variant%3D50730092593455%26utm_source%3Dgoogle%26utm_medium%3Dcpc%26utm_campaign%3DGoogle%2520Shopping%26stkn%3Dfd2ca2e37b8c%26srsltid%3DAfmBOorSjIWi6UyI8VemtJdVAg8ZG9rFE-uwrdvmF6FQiTBjc75FNLT9738&rct=j&q=&esrc=s&opi=95576897&sa=U&ved=0ahUKEwjE9dKsv7yMAxVBpZUCHRdpMMgQguUECKEU&usg=AOvVaw0sjpe0TL1pcMU9rWO1ThIH
;;;/url?url=https://br.octoshop.com/products/asus-tuf-geforce-rtx-4070-12gb-gddr6x%3Fcurrency%3DBRL%26variant%3D50730092593455%26utm_source%3Dgoogle%26utm_medium%3Dcpc%26utm_campaign%3DGoogle%2520Shopping%26stkn%3Dfd2ca2e37b8c%26srsltid%3DAfmBOorSjIWi6UyI8VemtJdVAg8ZG9rFE-uwrdvmF6FQiTBjc75FNLT9738&rct=j&q=&esrc=s&opi=95576897&sa=U&ved=0ahUKEwjE9dKsv7yMAxVBpZUCHRdpMMgQguUECKIU&usg=AOvVaw30dBxIXhCfW6aOAQUpotzT
;;;/url?url=https://br.octoshop.com/products/asus-rog-strix-geforce-rtx-4070-super-12gb-gddr6x%3Fcurrency%3DBRL%26variant%3D50730087514415%26utm_source%3Dgoogle%26utm_medium%3Dcpc%26utm_campaign%3DGoogle%2520Shopping%26stkn%3Dfd2ca2e37b8c%26srsltid%3DAfmBOorEuEImvn_vl-ncwHQRbIYN_AC22Ej77lTjWBgVpEWMPOFw5HibFwk&rct=j&q=&esrc=s&opi=95576897&sa=U&ved=0ahUKEwjE9dKsv7yMAxVBpZUCHRdpMMgQguUECLMU&usg=AOvVaw2axP3BrxdLD5teBxmdlS-2
;;;/url?url=https://br.octoshop.com/products/asus-rog-strix-geforce-rtx-4070-super-12gb-gddr6x%3Fcurrency%3DBRL%26variant%3D50730087514415%26utm_source%3Dgoogle%26utm_medium%3Dcpc%26utm_campaign%3DGoogle%2520Shopping%26stkn%3Dfd2ca2e37b8c%26srsltid%3DAfmBOorEuEImvn_vl-ncwHQRbIYN_AC22Ej77lTjWBgVpEWMPOFw5HibFwk&rct=j&q=&esrc=s&opi=95576897&sa=U&ved=0ahUKEwjE9dKsv7yMAxVBpZUCHRdpMMgQguUECLQU&usg=AOvVaw0Fx_xS_7r7SlzPFff2Wd_k
;;;/url?url=https://br.octoshop.com/products/asus-tuf-geforce-rtx4070-o12g-gaming%3Fvariant%3D50755469639983%26country%3DBR%26currency%3DBRL%26utm_medium%3Dproduct_sync%26utm_source%3Dgoogle%26utm_content%3Dsag_organic%26utm_campaign%3Dsag_organic%26srsltid%3DAfmBOoq2XpCLUDZp2bjL8DQPaoiLDCpEuD8dGpTMNdAeOMtquIdI25chxW0&rct=j&q=&esrc=s&opi=95576897&sa=U&ved=0ahUKEwjE9dKsv7yMAxVBpZUCHRdpMMgQguUECMQU&usg=AOvVaw0nUrKc2LgjJwOeX9a69mOQ
;;;/url?url=https://br.octoshop.com/products/asus-tuf-geforce-rtx4070-o12g-gaming%3Fvariant%3D50755469639983%26country%3DBR%26currency%3DBRL%26utm_medium%3Dproduct_sync%26utm_source%3Dgoogle%26utm_content%3Dsag_organic%26utm_campaign%3Dsag_organic%26srsltid%3DAfmBOoq2XpCLUDZp2bjL8DQPaoiLDCpEuD8dGpTMNdAeOMtquIdI25chxW0&rct=j&q=&esrc=s&opi=95576897&sa=U&ved=0ahUKEwjE9dKsv7yMAxVBpZUCHRdpMMgQguUECMUU&usg=AOvVaw2AXFegGy2P3s2g0ZwsQE6u
;;;/url?url=https://br.octoshop.com/products/msi-geforce-rtx-4070-ti-gaming-x-trio-12g-e-sports%3Fvariant%3D50755470000431%26country%3DBR%26currency%3DBRL%26utm_medium%3Dproduct_sync%26utm_source%3Dgoogle%26utm_content%3Dsag_organic%26utm_campaign%3Dsag_organic%26srsltid%3DAfmBOoquFglrfdidXdnyyqqgAuK61lTZb0fRFPNQ6YzEd09hNweBQLMPAiw&rct=j&q=&esrc=s&opi=95576897&sa=U&ved=0ahUKEwjE9dKsv7yMAxVBpZUCHRdpMMgQguUECNYU&usg=AOvVaw2h256mrkSKsQX22LCToTig
;;;/url?url=https://br.octoshop.com/products/msi-geforce-rtx-4070-ti-gaming-x-trio-12g-e-sports%3Fvariant%3D50755470000431%26country%3DBR%26currency%3DBRL%26utm_medium%3Dproduct_sync%26utm_source%3Dgoogle%26utm_content%3Dsag_organic%26utm_campaign%3Dsag_organic%26srsltid%3DAfmBOoquFglrfdidXdnyyqqgAuK61lTZb0fRFPNQ6YzEd09hNweBQLMPAiw&rct=j&q=&esrc=s&opi=95576897&sa=U&ved=0ahUKEwjE9dKsv7yMAxVBpZUCHRdpMMgQguUECNcU&usg=AOvVaw2VVWLtBiAFYj87zNggvdfh
;;;/aclk?sa=l&ai=DChcSEwjw6tusv7yMAxVEJUQIHeT5CbQYABAZGgJkeg&co=1&ase=2&gclid=EAIaIQobChMI8OrbrL-8jAMVRCVECB3k-Qm0EAsYASABEgLSxfD_BwE&sig=AOD64_3HALsTohK9MgoEb7wK5NaJLMFzTQ&ctype=5&q=&nis=4&ved=0ahUKEwjE9dKsv7yMAxVBpZUCHRdpMMgQ9A4IqRU&adurl=
;;;/aclk?sa=l&ai=DChcSEwjw6tusv7yMAxVEJUQIHeT5CbQYABAbGgJkeg&co=1&ase=2&gclid=EAIaIQobChMI8OrbrL-8jAMVRCVECB3k-Qm0EAsYAiABEgJ0cPD_BwE&sig=AOD64_2qz0gVF4Rq4OaWlEWElmrjy-TXDg&ctype=5&q=&nis=4&ved=0ahUKEwjE9dKsv7yMAxVBpZUCHRdpMMgQ9A4IrBU&adurl=
;;;/aclk?sa=l&ai=DChcSEwjw6tusv7yMAxVEJUQIHeT5CbQYABAdGgJkeg&co=1&ase=2&gclid=EAIaIQobChMI8OrbrL-8jAMVRCVECB3k-Qm0EAsYAyABEgIwYvD_BwE&sig=AOD64_0W72cSgwrGHMz_X4LgazXvFDIiEQ&ctype=5&q=&nis=4&ved=0ahUKEwjE9dKsv7yMAxVBpZUCHRdpMMgQ9A4IsBU&adurl=
;;;/aclk?sa=l&ai=DChcSEwjw6tusv7yMAxVEJUQIHeT5CbQYABAfGgJkeg&co=1&ase=2&gclid=EAIaIQobChMI8OrbrL-8jAMVRCVECB3k-Qm0EAsYBCABEgKub_D_BwE&sig=AOD64_24XvHNNPanlwqBq3dqKd1QeIxm-w&ctype=5&q=&nis=4&ved=0ahUKEwjE9dKsv7yMAxVBpZUCHRdpMMgQ9A4IsxU&adurl=
